AWAL,LFW-AUDIA4B5MU,1
AWAL,LFW-E34MU,1
AWAL,LFW-E36MU,1
AWAL,LFW-E46NORSMU,1
AWAL,LFW-E8187MU,1
AWAL,LFW-QQ03MU,1
AWAL,LFW-AVEO08MU,1
AWAL,LFW-SPINMU,1
AWAL,LFW-GRANMAXMU,2
AWAL,TRW-GRANMAXVANMU,2
AWAL,LFW-SIRION2MU,1
AWAL,LFW-TARUNAMU,1
AWAL,LFW-RANGER04MU,1
AWAL,LFW-FIESTAMU,1
AWAL,LFW-FOCUS04MU,1
AWAL,LFW-ACCORD93MU,1
AWAL,LFW-BRV16MU,1
AWAL,LFW-BRIOMU,1
AWAL,LFW-CIVIC88MU,1
AWAL,LFW-CIVIC882DMU,1
AWAL,LFW-CIVIC96MU,1
AWAL,LFW-CRV07MU,1
AWAL,LFW-CRV12MU,1
AWAL,LFW-FREEDMU,1
AWAL,LFW-HRV14MU,1
AWAL,LFW-JAZZ01MU,1
AWAL,LFW-JAZZ07MU,1
AWAL,LFW-JAZZ13MU,1
AWAL,LFW-EXCEL94MU,1
AWAL,LFW-AVEGA01MU,1
AWAL,LFW-ATOZMU,1
AWAL,LFW-GETZMU,1
AWAL,LFW-DMAX1MU,1
AWAL,LFW-PANTHER91MU,1
AWAL,LFW-CHEROKEEMU,1
AWAL,LFW-GCHEROKEEMU,1
AWAL,LFW-CAREN99MU,1
AWAL,LFW-PREGIOMU,1
AWAL,LFW-RIO00MU,1
AWAL,LFW-RIO11MU,1
AWAL,LFW-SPORTAGE93MU,1
AWAL,LFW-SPORTAGE04MU,1
AWAL,LFW-TIMORMU,1
AWAL,LFW-TRAVELLOMU,1
AWAL,LFW-VISTOMU,1
AWAL,LFW-MAZDA209MU,1
AWAL,LFW-LYNXMU,1
AWAL,LFW-W203RS2MU,1
AWAL,LFW-W204RS1MU,1
AWAL,LFW-W1244DOORMU,1
AWAL,LFW-W210MU,1
AWAL,LFW-W211MU,1
AWAL,LFW-W220MU,1
AWAL,LFW-W123MU,1
AWAL,LFW-KUDAMU,1
AWAL,LFW-MIRAGEMU,1
AWAL,LFW-PAJERO08MU,1
AWAL,LFW-PAJERO16MU,1
AWAL,LFW-XPANDERMU,1
AWAL,LFW-DATSUNGOMU,1
AWAL,LFW-NAVARA97MU,1
AWAL,LFW-NAVARA04MU,1
AWAL,LFW-NAVARA15MU,1
AWAL,LFW-JUKEMU,1
AWAL,LFW-LATIOMU,1
AWAL,LFW-LIVINA07MU,1
AWAL,LFW-MARCHMU,1
AWAL,LFW-C24MU,1
AWAL,LFW-TERRANOMU,1
AWAL,LFW-T30MU,1
AWAL,LFW-T31MU,1
AWAL,LFW-APVMU,1
AWAL,TRW-APVVANMU,1
AWAL,LFW-BALENO96MU,1
AWAL,LFW-CARRYFUTURAMU,1
AWAL,FDL-CARRYFUTURAMU,1
AWAL,FDR-CARRYFUTURAMU,1
AWAL,LFW-ERTIGA12MU,1
AWAL,LFW-SPLASHMU,1
AWAL,LFW-SWIFT11MU,1
AWAL,LFW-VITARA88MU,1
AWAL,LFW-WAGONRMU,1
AWAL,LFW-AGYAMU,2
AWAL,LFW-ALTIS00MU,1
AWAL,LFW-AVANZA03MU,2
AWAL,SWL-AVANZA03MU,1
AWAL,SWR-AVANZA03MU,1
AWAL,LFW-AVANZA11MU,2
AWAL,TRW-AVANZA11MU,3
AWAL,SWL-AVANZA11MU,1
AWAL,SWR-AVANZA11MU,1
AWAL,LFW-AVANZA16MU,2
AWAL,LFW-AVANZA21MU,1
AWAL,LFW-SIGRAMU,2
AWAL,TRW-SIGRAMU,3
AWAL,SWL-SIGRA16MU,1
AWAL,SWR-SIGRA16MU,1
AWAL,FDL-SIGRA16MU,1
AWAL,FDR-SIGRA16MU,1
AWAL,LFW-CAMRY11RSMU,1
AWAL,LFW-COROLLA87MU,1
AWAL,LFW-COROLLA91MU,1
AWAL,LFW-COROLLA95MU,1
AWAL,LFW-FORTUNER05MU,1
AWAL,LFW-FORTUNER15MU,1
AWAL,LFW-INNOVA04MU,1
AWAL,LFW-INNOVA15MU,1
AWAL,LFW-KIJANGK125MU,1
AWAL,LFW-KAPSUL97MU,1
AWAL,LFW-KAPSUL02MU,1
AWAL,LFW-FJ40MU,1
AWAL,LFW-FJ70HTOPMU,1
AWAL,LFW-FJ80MU,1
AWAL,LFW-RAIZEMU,1
AWAL,LFW-TERIOS06MU,1
AWAL,LFW-RUSH17MU,1
AWAL,TRW-RUSH17HMU,1
AWAL,LFW-SOLUNAMU,1
AWAL,LFW-VIOS02MU,1
AWAL,LFW-VIOS07MU,1
AWAL,LFW-YARIS05MU,1
AWAL,LFW-VIOS13MU,1
AWAL,FDL-LOUHANMU,1
AWAL,FDR-LOUHANMU,1
AWAL,LFW-FE300MU,1
AWAL,LFW-FE700MU,1
AWAL,LFW-L300MU,1
AWAL,LFW-DYNAMU,1
SKBE096,LFW-E46NORSMU,1
SKBE096,LFW-CARRYFUTURAMU,2
SKBE096,LFW-CITY96MU,1
SKBE096,LFW-ALTIS00MU,1
SKBE096,LFW-CITY02MU,1
SKBE096,LFW-CONFEROMU,1
SKBE096,LFW-FORTUNER05MU,1
SKBE096,LFW-INNOVA15MU,1
SKBE096,LFW-CARRY19MU,1
SKBE096,LFW-GRANMAXMU,5
SKBE096,LFW-SIGRAMU,2
SKBE096,LFW-AGYAMU,2
SKBE096,LFW-APVMU,2
SKBE096,LFW-AVANZA16MU,2
SKBE096,LFW-AVANZA03MU,2
SKBE096,LFW-AVANZA11MU,5
SKBE096,LFW-HILUX05MU,2
SKBE151,RDR-FJ200FY,1
SKBE151,LFW-HILUX15MU,2
SKBE151,LFW-FORTUNER05MU,3
SKBE151,LFW-GRANMAXMU,2
SKBE151,LFW-HILUX05MU,3
SKBE151,SWR-AVANZA11MU,2
SKBE151,LFW-ERTIGA18MU,1
SKBE151,LFW-EVO3MU,1
SKBE151,LFW-CITY02MU,2
SKBE151,LFW-CERATO09MU,1
SKBE151,LFW-TRAGAMU,1
SKBE151,LFW-TERIOS06MU,2
SKBE220,TRW-JAZZ01XYG,1
SKBE220,TRW-JAZZ07XYG,1
SKBE220,TRW-JAZZ13XYG,1
SKBE220,TRW-FORTUNER15XYG,1
SKBE220,TRW-INNOVA04HXYG,1
SKBE220,TRW-LIVINA13XYG,1
SKBE220,TRW-LIVINA07XYG,2
SKBE220,TRW-ERTIGA12XYG,2
SKBE220,TRW-INNOVA04XYG,1
SKBE151,LFW-KAPSUL02MU,1
SKBE151,LFW-INNOVA04MU,2
SKBE151,LFW-ACCORD03FY,1
SKBE151,LFW-FREEDMU,2
SKBE151,LFW-INNOVA15MU,1
SKBE151,LFW-XPANDERMU,2
SKBE222,LFW-TERRANOMU,1
SKBE222,LFW-RUSH17MU,3
SKBE222,LFW-JUKEMU,1
SKBE222,LFW-TERIOS06MU,3
SKBE222,LFW-HRV14MU,2
SKBE222,LFW-CARRYFUTURAMU,2
SKBE222,LFW-APVMU,2
SKBE222,LFW-ALPHARD08RSPIL,1
SKBE222,LFW-ODYSSEY03FY,1
SKBE222,LFW-GIGASHORTXYG,1
SKBE222,LFW-GIGALONGXYG,1
SKBE222,LFW-HIACEXYG,1
SKBE222,LFW-ELFNKRXYG,1
SKBE222,LFW-ELFNMRXYG,1
SKBE222,LFW-FK40MU,1
SKBE222,LFW-LOUHANMU,1
SKBE233,TRW-TRITON14HXYG,1
SKBE233,TRW-TRITON14XYG,1
SKBE233,TRW-CAPTIVAFY,1
SKBE233,TRW-CRV12NONPXYG,1
SKBE233,TRW-CRV02PIL,1
SKBE233,TRW-CRV17XYG,1
SKBE233,TRW-MAZDA214FY,1
SKBE233,TRW-BRIO18XYG,1
SKBE233,TRW-SPINXYG,1
SKBE233,TRW-FREEDXYG,1
SKBE233,TRW-CRV95XYG,1
SKBE233,TRW-CRV07XYG,1
SKBF011,LFW-KIJANGK125MU,1
SKBF011,LFW-PICANTO04HTMXYG,1
SKBF011,LFW-ACCORD03XYG,1
SKBF011,LFW-CIVIC05FY,1
SKBF011,LFW-MAZDA214XYG,1
SKBF011,LFW-MAZDA214RS1XYG,1
SKBF011,LFW-W212RSAUTO,1
SKBF011,LFW-CX5GEN1FY,1
SKBF011,LFW-CX5GEN1RSFY,1
SKBF011,LFW-F30AUTO,1
SKBE233,LFW-ESCAPEXYG,1
SKBE233,LFW-CRV95XYG,1
SKBE233,LFW-E90FY,1
SKBE233,LFW-SIRION1XYG,1
SKBE233,LFW-ACCORD08XYG,1
SKBE233,LFW-STARLETXYG,1
SKBE233,LFW-KARIMUN99XYG,1
SKBE233,LFW-RAIZERSXYG,1
SKBE233,LFW-BALENO15XYG,1
SKBE233,LFW-BALENO08XYG,1
SKBE233,LFW-ESTILOXYG,1
SKBE233,LFW-SIENTAXYG,1
SKBE233,LFW-ALTIS06RSXYG,1
SKBE233,LFW-H1XYG,1
SKBE233,FDL-RIO11FY,1
SKBE233,LFW-SIRION18XYG,1
SKBE233,LFW-TUCSON05FY,1
SKBE233,LFW-TUCSON10FY,1
SKBE233,LFW-TUCSON16FY,1
SKBE233,LFW-BIANTEFY,1
SKBE233,LFW-W204RSXYG,1
SKBE233,TRW-RIO11XYG,1
SKBE233,LFW-CIVICESTXYG,1
SKBE233,LFW-PANTHER00MU,1
SKBE233,LFW-GAVEGAXYG,1
SKBE233,LFW-CRV17XYG,1
SKBF044,SRR-HIACEXYG,1
SKBF044,SRL-HIACAFXYG,1
SKBF044,FDL-HIACEXYG,1
SKBF055,TRW-SIRION1XYG,1
SKBE233,TRW-AVANZA03HAUTO,2
SKBE233,TRW-AVANZA03XYG,2
SKBE233,TRW-CITY02XYG,1
SKBE233,TRW-CITY08XYG,1
SKBE233,SFR-HIACEXYG,1
SKBE233,RDR-CRV12SG,1
SKBE233,FDL-PICANTO04FY,1
SKBE233,FDR-PICANTO04FY,1
SKBE233,FDR-RIO11FY,1
SKBE233,SWL-LIVINAXYG,1
SKBE233,FDR-CX5GEN1FY,1
SKBE233,RDR-VIOS07FY,1
SKBE233,RDL-VIOS07FY,1
SKBE233,RDR-T31FY,1
SKBE233,SWR-FORTUNER05BLACKXYG,1
SKBE233,TRW-HIACEXYG,1
SKBE233,TRW-HIACEBLACKXYG,1
SKBE233,LFW-AVEO11FY,1
SKBE233,LFW-CAPTIVARSAUTO,1
SKBE233,LFW-ECOSPORTRSXYG,1
SKBE233,LFW-ACCORD08RSSG,1
SKBE233,LFW-C26XYG,1
SKBE233,LFW-NAVARA04XYG,1
SKBE233,LFW-ALPHARD02PIL,1
SKBE233,TRW-STARLETXYG,1
SKBE233,TRW-INNOVA15HXYG,1
SKBE233,TRW-INNOVA15XYG,1
SKBE233,FDR-VIOS02XYG,1
SKBE233,FDR-ECOSPORTFY,1
SKBE233,LFW-PICANTO11XYG,1
SKBE233,LFW-CITY19XYG,1
SKBE233,LFW-I1008XYG,1
SKBE233,LFW-AVEO99FY,1
SKBE233,LFW-STREAM00NOXYG,1
SKBE233,FDR-AVEO99XYG,1
SKBE233,FDL-AVEO99XYG,1
SKBE233,FDR2-CAPTIVAXYG,1
SKBE233,FDR-CX5GEN2XYG,1
SKBE233,TRW-T30XYG,1
SKBE233,TRW-CX5GEN2XYG,1
SKBE233,TRW-TERIOS06HOLEXYG,1